Especies;Threats;Scope;Severity
Eschweilera punctata;1. Residential & commercial development -> 1.1.Housing & urban areas;-;-
Aiphanes lindeniana;2. Agriculture & aquaculture -> 2.1. Annual & perennial non-timber crops;-;-
Aiphanes lindeniana;2. Agriculture & aquaculture -> 2.3. Livestock farming;-;-
Aiphanes lindeniana;7. Natural system modifications -> 7.3. Other The IUCN Red List of Threatened Species is produced;;
Dasypus sabanicola;2. Agriculture & aquaculture -> 2.2. Wood & pulp;Unknown;Unknown
Dasypus sabanicola;2. Agriculture & aquaculture -> 2.3. Livestock farming;Unknown;Unknown
Dasypus sabanicola;5. Biological resource use -> 5.1. Hunting & trapping;Majority (50-90%);Causing/could cause fluctuations
Leopardus wiedii;2. Agriculture & aquaculture -> 2.1. Annual & perennial non-timber crops;-;-
Leopardus wiedii;2. Agriculture & aquaculture -> 2.3. Livestock farming;-;-
Leopardus wiedii;3. Energy production & mining -> 3.2. Mining & Population;-;-
Leopardus wiedii;4. Transportation & service corridors -> 4.1. Roads & railroads;-;-
Leopardus wiedii;5. Biological resource use -> 5.1. Hunting & trapping;-;-
Leopardus wiedii;5. Biological resource use -> 5.1. Hunting & trapping;-;-
Leopardus wiedii;5. Biological resource use -> 5.1. Hunting & trapping;-;-
Leopardus wiedii;5. Biological resource use -> 5.3. Logging & wood;-;-
Leopardus wiedii;7. Natural system modifications -> 7.1. Fire & fire;-;-
Leopardus wiedii;7. Natural system modifications -> 7.2. Dams & water;-;-
Leopardus wiedii;8. Invasive & other problematic species & genes ->;-;-
Leopardus wiedii;8. Invasive & other problematic species & genes ->;-;-
Leopardus wiedii;9. Pollution -> 9.2. Industrial & military effluents ->;-;-
Vampyressa melissa;2. Agriculture & aquaculture -> 2.1. Annual & perennial non-timber crops;-;-
Vampyressa melissa;4. Transportation & service corridors -> 4.1. Roads & railroads;-;-
Vampyressa melissa;5. Biological resource use -> 5.3. Logging & wood;-;-
Rhogeessa minutilla;1. Residential & commercial development -> 1.3. Tourism & recreation areas;-;-
Rhogeessa minutilla;11. Climate change & severe weather -> 11.1. Habitat shifting & alteration;-;-
Rhogeessa minutilla;2. Agriculture & aquaculture -> 2.3. Livestock farming;-;-
Leporinus muyscorum;5. Biological resource use -> 5.4. Fishing & harvesting;-;Unknown
Astroblepus latidens;2. Agriculture & aquaculture -> 2.1. Annual & perennial non-timber crops;-;-
Astroblepus latidens;4. Transportation & service corridors -> 4.1. Roads & railroads;-;-
Mazama rufina;1. Residential & commercial development -> 1.2. Commercial & industrial areas;-;-
Mazama rufina;2. Agriculture & aquaculture -> 2.1. Annual & perennial non-timber crops;-;-
Mazama rufina;2. Agriculture & aquaculture -> 2.1. Annual & perennial non-timber crops;-;-
Mazama rufina;2. Agriculture & aquaculture -> 2.3. Livestock farming;-;-
Mazama rufina;3. Energy production & mining -> 3.2. Mining & Population;-;-
Mazama rufina;4. Transportation & service corridors -> 4.2. Utility & service lines;-;-
Mazama rufina;5. Biological resource use -> 5.1. Hunting & trapping;-;-
Mazama rufina;5. Biological resource use -> 5.1. Hunting & trapping;-;-
Mazama rufina;5. Biological resource use -> 5.3. Logging & wood;-;-
Mazama rufina;9. Pollution -> 9.1. Domestic & urban waste water ->9.1.3. Type Unknown/Unrecorded;-;-
Mazama rufina;9. Pollution -> 9.6. Excess energy -> 9.6.1. Light;-;-
Anadia bogotensis;1. Residential & commercial development -> 1.1.Housing & urban areas;Unknown;Unknown
Anadia bogotensis;2. Agriculture & aquaculture -> 2.1. Annual & perennial non-timber crops;Unknown;Unknown
Anadia bogotensis;2. Agriculture & aquaculture -> 2.2. Wood & pulp;Unknown;Unknown
Anadia bogotensis;8. Invasive and other problematic species, genes & Programme, the IUCN Species Survival Commission (SSC);Unknown;Unknown Red List Partnership.
Panthera onca;1. Residential & commercial development -> 1.2. Commercial & industrial areas;Minority (50%);Slow, significant
Panthera onca;1. Residential & commercial development -> 1.3. Tourism & recreation areas;Minority (50%);Negligible declines
Panthera onca;2. Agriculture & aquaculture -> 2.1. Annual & perennial non-timber crops;Minority (50%);Negligible declines
Panthera onca;2. Agriculture & aquaculture -> 2.2. Wood & pulp;Minority (50%);Negligible declines
Panthera onca;2. Agriculture & aquaculture -> 2.3. Livestock farming;Minority (50%);Negligible declines
Panthera onca;2. Agriculture & aquaculture -> 2.3. Livestock farming;Minority (50%);Negligible declines
Panthera onca;3. Energy production & mining -> 3.1. Oil & gas;Minority (50%);Causing/could cause fluctuations
Panthera onca;3. Energy production & mining -> 3.2. Mining & Population;Minority (50%);Causing/could cause fluctuations
Panthera onca;5. Biological resource use -> 5.1. Hunting & trapping;Minority (50%);Negligible declines
Panthera onca;6. Human intrusions & disturbance -> 6.1. Recreational;Minority (50%);Causing/could cause fluctuations
Panthera onca;7. Natural system modifications -> 7.2. Dams & water;Minority (50%);Unknown
Panthera onca;2. Agriculture & aquaculture -> 2.3. Livestock farming;Minority (50%);Negligible declines
Panthera onca;9. Pollution -> 9.1. Domestic & urban waste water ->9.1.3. Type Unknown/Unrecorded;Minority (50%);Negligible declines
Panthera onca;9. Pollution -> 9.3. Agricultural & forestry effluents ->;Minority (50%);Unknown
Tremarctos ornatus;11. Climate change & severe weather -> 11.1. Habitat shifting & alteration;Whole (>90%);Very rapid
Tremarctos ornatus;11. Climate change & severe weather -> 11.2. Droughts;Majority (50-90%);Slow, significant
Tremarctos ornatus;11. Climate change & severe weather -> 11.3.;Majority (50-90%);Slow, significant
Tremarctos ornatus;11. Climate change & severe weather -> 11.4. Storms;Majority (50-90%);Slow, significant
Tremarctos ornatus;2. Agriculture & aquaculture -> 2.1. Annual & perennial non-timber crops;Majority (50-90%);Slow, significant
Tremarctos ornatus;2. Agriculture & aquaculture -> 2.1. Annual & perennial non-timber crops;Minority (50%);Slow, significant
Tremarctos ornatus;2. Agriculture & aquaculture -> 2.3. Livestock farming;Majority (50-90%);Slow, significant
Tremarctos ornatus;3. Energy production & mining -> 3.1. Oil & gas;Majority (50-90%);Slow, significant
Tremarctos ornatus;3. Energy production & mining -> 3.2. Mining & Population;Majority (50-90%);Slow, significant
Tremarctos ornatus;5. Biological resource use -> 5.1. Hunting & trapping;Unknown;Slow, significant
Tremarctos ornatus;5. Biological resource use -> 5.1. Hunting & trapping;Majority (50-90%);Slow, significant
Cedrela odorata;5. Biological resource use -> 5.3. Logging & wood;-;-
Hyalinobatrachium esmeralda;2. Agriculture & aquaculture -> 2.3. Livestock farming;-;-
Hyalinobatrachium esmeralda;5. Biological resource use -> 5.3. Logging & wood;-;-
Hyalinobatrachium esmeralda;9. Pollution -> 9.3. Agricultural & forestry effluents ->;-;-
Pristimantis elegans;2. Agriculture & aquaculture -> 2.1. Annual & perennial non-timber crops;-;-
Pristimantis elegans;2. Agriculture & aquaculture -> 2.3. Livestock farming;-;-
Pristimantis mnionaetes;2. Agriculture & aquaculture -> 2.1. Annual & perennial non-timber crops;-;-
Pristimantis mnionaetes;2. Agriculture & aquaculture -> 2.3. Livestock farming;-;-
Pristimantis mnionaetes;6. Human intrusions & disturbance -> 6.2. War, civil;-;-
Atelopus ebenoides;2. Agriculture & aquaculture -> 2.1. Annual & perennial non-timber crops;-;-
Atelopus ebenoides;2. Agriculture & aquaculture -> 2.3. Livestock farming;-;-
Atelopus ebenoides;8. Invasive and other problematic species, genes &;-;-
Atelopus ebenoides;8. Invasive and other problematic species, genes &;-;-
Atelopus ebenoides;9. Pollution -> 9.3. Agricultural & forestry effluents ->;-;-
Odontophorus strophium;1. Residential & commercial development -> 1.1.Housing & urban areas;Minority (50%);Slow, significant
Odontophorus strophium;2. Agriculture & aquaculture -> 2.1. Annual & perennial non-timber crops;Minority (50%);Slow, significant
Odontophorus strophium;2. Agriculture & aquaculture -> 2.3. Livestock farming;Minority (50%);Slow, significant
Odontophorus strophium;4. Transportation & service corridors -> 4.1. Roads & railroads;Minority (50%);Negligible declines
Odontophorus strophium;5. Biological resource use -> 5.3. Logging & wood;Majority (50-90%);Slow, significant
Odontophorus strophium;8. Invasive and other problematic species, genes &;Minority (50%);Negligible declines
Vermivora chrysoptera;2. Agriculture & aquaculture -> 2.1. Annual & perennial non-timber crops;Majority (50-90%);Negligible declines
Setophaga striata;11. Climate change & severe weather -> 11.1. Habitat shifting & alteration;Majority (50-90%);Unknown
Pterocarpus acapulcensis;2. Agriculture & aquaculture -> 2.1. Annual & perennial non-timber crops;Unknown;Slow, significant
Pterocarpus acapulcensis;2. Agriculture & aquaculture -> 2.1. Annual & perennial non-timber crops;Unknown;Slow, significant
Pterocarpus acapulcensis;2. Agriculture & aquaculture -> 2.1. Annual & perennial non-timber crops;Unknown;Rapid declines
Pterocarpus acapulcensis;2. Agriculture & aquaculture -> 2.3. Livestock farming;Unknown;Rapid declines
Pterocarpus acapulcensis;5. Biological resource use -> 5.3. Logging & wood;Unknown;Unknown
Pterocarpus officinalis;2. Agriculture & aquaculture -> 2.1. Annual & perennial non-timber crops;Unknown;Slow, significant
Pterocarpus officinalis;2. Agriculture & aquaculture -> 2.1. Annual & perennial non-timber crops;Unknown;Unknown
Pterocarpus officinalis;2. Agriculture & aquaculture -> 2.3. Livestock farming;Unknown;Unknown
Pterocarpus officinalis;2. Agriculture & aquaculture -> 2.3. Livestock farming;Unknown;Unknown
Guaiacum officinale;2. Agriculture & aquaculture -> 2.1. Annual & perennial non-timber crops;Unknown;Unknown
Guaiacum officinale;5. Biological resource use -> 5.3. Logging & wood;Unknown;Slow, significant
Niceforonia nana;2. Agriculture & aquaculture -> 2.1. Annual & perennial non-timber crops;-;-
Niceforonia nana;2. Agriculture & aquaculture -> 2.2. Wood & pulp;;-
Niceforonia nana;2. Agriculture & aquaculture -> 2.3. Livestock farming;-;-
Anthurium zuluagae;2. Agriculture & aquaculture -> 2.1. Annual & perennial non-timber crops;Unknown;Unknown
Anthurium zuluagae;2. Agriculture & aquaculture -> 2.1. Annual & perennial non-timber crops;Unknown;Unknown
Anthurium zuluagae;2. Agriculture & aquaculture -> 2.3. Livestock farming;Unknown;Unknown
Anthurium zuluagae;2. Agriculture & aquaculture -> 2.3. Livestock farming;Unknown;Unknown
Anthurium zuluagae;5. Biological resource use -> 5.3. Logging & wood;Unknown;Unknown
Anthurium zuluagae;5. Biological resource use -> 5.3. Logging & wood;Unknown;Unknown
Anthurium zuluagae;7. Natural system modifications -> 7.1. Fire & fire;Unknown;Unknown
Philodendron gloriosum;2. Agriculture & aquaculture -> 2.1. Annual & perennial non-timber crops;Unknown;Unknown
Philodendron gloriosum;2. Agriculture & aquaculture -> 2.1. Annual & perennial non-timber crops;Unknown;Unknown
Hyloscirtus bogotensis;2. Agriculture & aquaculture -> 2.1. Annual & perennial non-timber crops;-;-
Hyloscirtus bogotensis;2. Agriculture & aquaculture -> 2.3. Livestock farming;-;-
Hyloscirtus bogotensis;8. Invasive and other problematic species, genes &;-;-
Hyloscirtus bogotensis;8. Invasive and other problematic species, genes &;-;-
Pristimantis carranguerorum;2. Agriculture & aquaculture -> 2.1. Annual & perennial non-timber crops;-;-
Pristimantis carranguerorum;2. Agriculture & aquaculture -> 2.3. Livestock farming;-;-
Puya boyacana;1. Residential & commercial development -> 1.1.Housing & urban areas;-;-
Puya boyacana;2. Agriculture & aquaculture -> 2.3. Livestock farming;-;-
Tinamus tao;2. Agriculture & aquaculture -> 2.1. Annual & perennial non-timber crops;Majority (50-90%);Slow, significant
Tinamus tao;2. Agriculture & aquaculture -> 2.3. Livestock farming;Majority (50-90%);Slow, significant
Tinamus tao;5. Biological resource use -> 5.1. Hunting & trapping;Minority (50%);Slow, significant
Tinamus guttatus;2. Agriculture & aquaculture -> 2.1. Annual & perennial non-timber crops;Majority (50-90%);Slow, significant
Tinamus guttatus;2. Agriculture & aquaculture -> 2.3. Livestock farming;Majority (50-90%);Slow, significant
Tinamus guttatus;5. Biological resource use -> 5.1. Hunting & trapping;Majority (50-90%);Slow, significant
Allobates cepedai;1. Residential & commercial development -> 1.1.Housing & urban areas;-;-
Allobates cepedai;2. Agriculture & aquaculture -> 2.1. Annual & perennial non-timber crops;-;-
Allobates cepedai;9. Pollution -> 9.1. Domestic & urban waste water ->9.1.3. Type Unknown/Unrecorded;-;-
Allobates cepedai;9. Pollution -> 9.3. Agricultural & forestry effluents ->;-;-
Allobates juanii;1. Residential & commercial development -> 1.1.Housing & urban areas;-;-
Allobates juanii;3. Energy production & mining -> 3.2. Mining & Population;-;-
Allobates juanii;9. Pollution -> 9.1. Domestic & urban waste water ->9.1.3. Type Unknown/Unrecorded;-;-
Bolitoglossa adspersa;2. Agriculture & aquaculture -> 2.1. Annual & perennial non-timber crops;-;-
Bolitoglossa adspersa;2. Agriculture & aquaculture -> 2.3. Livestock farming;-;-
Bolitoglossa adspersa;2. Agriculture & aquaculture -> 2.3. Livestock farming;-;-
Chalybea macrocarpa;2. Agriculture & aquaculture -> 2.1. Annual & perennial non-timber crops;-;-
Chalybea macrocarpa;2. Agriculture & aquaculture -> 2.3. Livestock farming;-;-
Chalybea macrocarpa;3. Energy production & mining -> 3.2. Mining & Population;-;-
Palicourea boyacana;2. Agriculture & aquaculture -> 2.3. Livestock farming;-;-
Mimosa trianae;2. Agriculture & aquaculture -> 2.1. Annual & perennial non-timber crops;-;-
Mimosa trianae;2. Agriculture & aquaculture -> 2.3. Livestock farming;-;-
Mimosa trianae;3. Energy production & mining -> 3.2. Mining & Population;-;-
Mimosa trianae;5. Biological resource use -> 5.3. Logging & wood;-;-
Coffea arabica;1. Residential & commercial development -> 1.1.Housing & urban areas;Minority (50%);Slow, significant
Coffea arabica;2. Agriculture & aquaculture -> 2.1. Annual & perennial non-timber crops;Unknown;Slow, significant
Coffea arabica;2. Agriculture & aquaculture -> 2.1. Annual & perennial non-timber crops;Unknown;Slow, significant
Coffea arabica;4. Transportation & service corridors -> 4.1. Roads & railroads;Minority (50%);Slow, significant
Coffea arabica;5. Biological resource use -> 5.3. Logging & wood;Unknown;Slow, significant
Coffea arabica;11. Climate change & severe weather -> 11.3.;Majority (50-90%);Slow, significant
Aiouea angulata;1. Residential & commercial development -> 1.1.Housing & urban areas;-;-
Aiouea angulata;3. Energy production & mining -> 3.2. Mining & Population;-;-
Aotus brumbacki;6. Human intrusions & disturbance -> 6.2. War, civil;-;-
Espeletia brachyaxiantha;2. Agriculture & aquaculture -> 2.3. Livestock farming;-;-
Espeletia brachyaxiantha;8. Invasive and other problematic species, genes &;-;-
Espeletia brachyaxiantha;8. Invasive and other problematic species, genes &;-;-
Plutarchia coronaria;2. Agriculture & aquaculture -> 2.1. Annual & perennial non-timber crops;;
Plutarchia coronaria;2. Agriculture & aquaculture -> 2.3. Livestock farming;-;-
Plutarchia coronaria;3. Energy production & mining -> 3.2. Mining & Population;-;-
Espeletia annemariana;2. Agriculture & aquaculture -> 2.1. Annual & perennial non-timber crops;-;-
Espeletia arbelaezii;2. Agriculture & aquaculture -> 2.1. Annual & perennial non-timber crops;-;-
Espeletia arbelaezii;2. Agriculture & aquaculture -> 2.3. Livestock farming;-;-
Espeletia discoidea;2. Agriculture & aquaculture -> 2.1. Annual & perennial non-timber crops;-;-
Espeletia incana;2. Agriculture & aquaculture -> 2.1. Annual & perennial non-timber crops;-;-
Espeletia jaramilloi;2. Agriculture & aquaculture -> 2.3. Livestock farming;-;-
Espeletia nemekenei;2. Agriculture & aquaculture -> 2.1. Annual & perennial non-timber crops;-;-
Espeletia nemekenei;2. Agriculture & aquaculture -> 2.3. Livestock farming;-;-
Espeletia oswaldiana;2. Agriculture & aquaculture -> 2.1. Annual & perennial non-timber crops;-;-
Espeletia pescana;2. Agriculture & aquaculture -> 2.1. Annual & perennial non-timber crops;-;-
Espeletia rositae;2. Agriculture & aquaculture -> 2.1. Annual & perennial non-timber crops;-;-
Espeletia rositae;2. Agriculture & aquaculture -> 2.3. Livestock farming;-;-
Espeletia tunjana;2. Agriculture & aquaculture -> 2.1. Annual & perennial non-timber crops;-;-
Espeletia tunjana;2. Agriculture & aquaculture -> 2.3. Livestock farming;-;-
Oreopanax acerifolius;2. Agriculture & aquaculture -> 2.1. Annual & perennial non-timber crops;-;-
Critoniopsis glandulata;2. Agriculture & aquaculture -> 2.1. Annual & perennial non-timber crops;-;-
Critoniopsis glandulata;2. Agriculture & aquaculture -> 2.2. Wood & pulp;-;-
Critoniopsis glandulata;3. Energy production & mining -> 3.2. Mining & Population;-;-
Berberis tabiensis;2. Agriculture & aquaculture -> 2.1. Annual & perennial non-timber crops;-;-
Berberis tabiensis;2. Agriculture & aquaculture -> 2.2. Wood & pulp;-;-
Berberis tabiensis;2. Agriculture & aquaculture -> 2.3. Livestock farming;-;-
Berberis tabiensis;4. Transportation & service corridors -> 4.1. Roads & railroads;-;-
Escallonia discolor;1. Residential & commercial development -> 1.1.Housing & urban areas;-;-
Escallonia discolor;2. Agriculture & aquaculture -> 2.1. Annual & perennial non-timber crops;-;-
Escallonia discolor;2. Agriculture & aquaculture -> 2.2. Wood & pulp;-;-
Escallonia discolor;2. Agriculture & aquaculture -> 2.3. Livestock farming;-;-
Escallonia discolor;3. Energy production & mining -> 3.2. Mining & Population;-;-
Escallonia discolor;4. Transportation & service corridors -> 4.1. Roads & railroads;-;-
Croton ater;2. Agriculture & aquaculture -> 2.1. Annual & perennial non-timber crops;-;-
Croton ater;2. Agriculture & aquaculture -> 2.2. Wood & pulp;-;-
Croton ater;3. Energy production & mining -> 3.2. Mining & Population;-;-
Lupinus colombiensis;2. Agriculture & aquaculture -> 2.3. Livestock farming;-;-
Pleurothyrium bracteatum;2. Agriculture & aquaculture -> 2.1. Annual & perennial non-timber crops;-;-
Pleurothyrium bracteatum;2. Agriculture & aquaculture -> 2.3. Livestock farming;-;-
Blakea schultzei;2. Agriculture & aquaculture -> 2.2. Wood & pulp;-;-
Blakea schultzei;2. Agriculture & aquaculture -> 2.3. Livestock farming;-;-
Blakea schultzei;3. Energy production & mining -> 3.2. Mining & Population;-;-
Hieronyma rufa;2. Agriculture & aquaculture -> 2.1. Annual & perennial non-timber crops;-;-
Hieronyma rufa;2. Agriculture & aquaculture -> 2.3. Livestock farming;-;-
Cupania semiglabra;2. Agriculture & aquaculture -> 2.2. Wood & pulp;-;-
Cupania semiglabra;3. Energy production & mining -> 3.2. Mining & Population;-;-
Symplocos lehmannii;2. Agriculture & aquaculture -> 2.2. Wood & pulp;-;-
Symplocos trianae;3. Energy production & mining -> 3.1. Oil & gas;-;-
Vochysia magna;2. Agriculture & aquaculture -> 2.2. Wood & pulp;-;-
Clavija grandis;1. Residential & commercial development -> 1.1.Housing & urban areas;-;-
Clavija grandis;2. Agriculture & aquaculture -> 2.3. Livestock farming;-;-
Clavija grandis;4. Transportation & service corridors -> 4.1. Roads & railroads;-;-
Ognorhynchus icterotis;2. Agriculture & aquaculture -> 2.3. Livestock farming;Majority (50-90%);No decline
Ognorhynchus icterotis;2. Agriculture & aquaculture -> 2.3. Livestock farming;Majority (50-90%);No decline
Pyrrhura calliptera;1. Residential & commercial development -> 1.1.Housing & urban areas;Minority (50%);Slow, significant
Pyrrhura calliptera;2. Agriculture & aquaculture -> 2.1. Annual & perennial non-timber crops;Minority (50%);Slow, significant
Pyrrhura calliptera;2. Agriculture & aquaculture -> 2.1. Annual & perennial non-timber crops;Minority (50%);Slow, significant
Pyrrhura calliptera;2. Agriculture & aquaculture -> 2.3. Livestock farming;Minority (50%);Slow, significant
Pyrrhura calliptera;4. Transportation & service corridors -> 4.1. Roads & railroads;Minority (50%);Slow, significant
Pyrrhura calliptera;5. Biological resource use -> 5.1. Hunting & trapping;Minority (50%);Slow, significant
Pyrrhura calliptera;5. Biological resource use -> 5.3. Logging & wood;Minority (50%);Slow, significant
Sturnella magna;2. Agriculture & aquaculture -> 2.1. Annual & perennial non-timber crops;Minority (50%);Slow, significant
Sturnella magna;2. Agriculture & aquaculture -> 2.3. Livestock farming;Minority (50%);Slow, significant
Sturnella magna;6. Human intrusions & disturbance -> 6.3. Work & other activities;Minority (50%);Unknown
Sturnella magna;9. Pollution -> 9.3. Agricultural & forestry effluents ->;Minority (50%);Slow, significant
Anthodiscus montanus;2. Agriculture & aquaculture -> 2.2. Wood & pulp;-;-
Anthodiscus montanus;2. Agriculture & aquaculture -> 2.3. Livestock farming;-;-
Aniba novogranatensis;2. Agriculture & aquaculture -> 2.1. Annual & perennial non-timber crops;-;-
Aniba novogranatensis;2. Agriculture & aquaculture -> 2.2. Wood & pulp;-;-
Aniba novogranatensis;2. Agriculture & aquaculture -> 2.3. Livestock farming;-;-
Aniba novogranatensis;4. Transportation & service corridors -> 4.1. Roads & railroads;-;-
Aniba novogranatensis;5. Biological resource use -> 5.3. Logging & wood;-;-
Lagothrix lagothricha;1. Residential & commercial development -> 1.1.Housing & urban areas;-;-
Lagothrix lagothricha;2. Agriculture & aquaculture -> 2.1. Annual & perennial non-timber crops;-;-
Lagothrix lagothricha;2. Agriculture & aquaculture -> 2.1. Annual & perennial non-timber crops;-;-
Lagothrix lagothricha;2. Agriculture & aquaculture -> 2.3. Livestock farming;-;-
Lagothrix lagothricha;5. Biological resource use -> 5.1. Hunting & trapping;-;-
Aotus lemurinus;1. Residential & commercial development -> 1.1.Housing & urban areas;-;-
Aotus lemurinus;2. Agriculture & aquaculture -> 2.3. Livestock farming;-;-
Aotus lemurinus;3. Energy production & mining -> 3.2. Mining & Population;-;-
Aotus lemurinus;6. Human intrusions & disturbance -> 6.2. War, civil;-;-
Ateles belzebuth;1. Residential & commercial development -> 1.1.Housing & urban areas;-;-
Ateles belzebuth;3. Energy production & mining -> 3.2. Mining & Population;-;-
Ateles belzebuth;5. Biological resource use -> 5.1. Hunting & trapping;-;-
Ateles belzebuth;5. Biological resource use -> 5.3. Logging & wood;-;-
Ateles belzebuth;7. Natural system modifications -> 7.2. Dams & water;-;-
Chaetostoma dorsale;1. Residential & commercial development -> 1.1.Housing & urban areas;Majority (50-90%);Rapid declines
Chaetostoma dorsale;2. Agriculture & aquaculture -> 2.3. Livestock farming;Majority (50-90%);Slow, significant
Chaetostoma dorsale;7. Natural system modifications -> 7.2. Dams & water;Minority (50%);Slow, significant
Chaetostoma dorsale;7. Natural system modifications -> 7.2. Dams & water;Majority (50-90%);Slow, significant
Chaetostoma dorsale;9. Pollution -> 9.1. Domestic & urban waste water ->9.1.3. Type Unknown/Unrecorded;Minority (50%);Slow, significant
Farlowella acus;2. Agriculture & aquaculture -> 2.1. Annual & perennial non-timber crops;Majority (50-90%);Slow, significant
Farlowella acus;2. Agriculture & aquaculture -> 2.1. Annual & perennial non-timber crops;Minority (50%);Slow, significant
Farlowella acus;2. Agriculture & aquaculture -> 2.3. Livestock farming;Majority (50-90%);Slow, significant
Farlowella acus;3. Energy production & mining -> 3.1. Oil & gas;Minority (50%);Rapid declines
Farlowella acus;3. Energy production & mining -> 3.2. Mining & Population;Minority (50%);Rapid declines
Farlowella acus;4. Transportation & service corridors -> 4.1. Roads & railroads;Minority (50%);Causing/could cause fluctuations
Farlowella acus;7. Natural system modifications -> 7.2. Dams & water;Majority (50-90%);Slow, significant
Farlowella acus;9. Pollution -> 9.1. Domestic & urban waste water ->9.1.3. Type Unknown/Unrecorded;Minority (50%);Rapid declines
Farlowella acus;9. Pollution -> 9.1. Domestic & urban waste water ->9.1.3. Type Unknown/Unrecorded;Majority (50-90%);Slow, significant
Farlowella acus;9. Pollution -> 9.2. Industrial & military effluents ->;Minority (50%);Rapid declines
Farlowella acus;9. Pollution -> 9.2. Industrial & military effluents ->;Minority (50%);Rapid declines
Farlowella acus;9. Pollution -> 9.3. Agricultural & forestry effluents ->;Minority (50%);Slow, significant
Farlowella acus;9. Pollution -> 9.3. Agricultural & forestry effluents ->;Majority (50-90%);Slow, significant
Farlowella acus;9. Pollution -> 9.3. Agricultural & forestry effluents ->;Minority (50%);Rapid declines
Anolis ruizii;1. Residential & commercial development -> 1.1.Housing & urban areas;Unknown;Unknown
Anolis ruizii;2. Agriculture & aquaculture -> 2.1. Annual & perennial non-timber crops;Unknown;Unknown
Astroblepus mariae;2. Agriculture & aquaculture -> 2.1. Annual & perennial non-timber crops;Minority (50%);Causing/could cause fluctuations
Astroblepus mariae;2. Agriculture & aquaculture -> 2.1. Annual & perennial non-timber crops;Majority (50-90%);Causing/could cause fluctuations
Astroblepus mariae;2. Agriculture & aquaculture -> 2.3. Livestock farming;Minority (50%);Causing/could cause fluctuations
Astroblepus mariae;7. Natural system modifications -> 7.2. Dams & water;Majority (50-90%);Causing/could cause fluctuations
Astroblepus mariae;7. Natural system modifications -> 7.2. Dams & water;Minority (50%);Causing/could cause fluctuations
Astroblepus mariae;9. Pollution -> 9.3. Agricultural & forestry effluents ->;Minority (50%);Causing/could cause fluctuations
Creagrutus atratus;2. Agriculture & aquaculture -> 2.1. Annual & perennial non-timber crops;Minority (50%);Causing/could cause fluctuations
Creagrutus atratus;3. Energy production & mining -> 3.1. Oil & gas;Minority (50%);Slow, significant
Creagrutus atratus;7. Natural system modifications -> 7.2. Dams & water;-;-
Creagrutus atratus;7. Natural system modifications -> 7.2. Dams & water;-;-
Creagrutus atratus;9. Pollution -> 9.1. Domestic & urban waste water ->9.1.3. Type Unknown/Unrecorded;Minority (50%);Rapid declines
Creagrutus atratus;9. Pollution -> 9.3. Agricultural & forestry effluents ->;Minority (50%);Slow, significant
Farlowella colombiensis;2. Agriculture & aquaculture -> 2.1. Annual & perennial non-timber crops;Minority (50%);Causing/could cause fluctuations
Farlowella colombiensis;2. Agriculture & aquaculture -> 2.1. Annual & perennial non-timber crops;Minority (50%);Causing/could cause fluctuations
Farlowella colombiensis;2. Agriculture & aquaculture -> 2.3. Livestock farming;Minority (50%);Causing/could cause fluctuations
Farlowella colombiensis;2. Agriculture & aquaculture -> 2.3. Livestock farming;Minority (50%);Causing/could cause fluctuations
Farlowella colombiensis;3. Energy production & mining -> 3.1. Oil & gas;Minority (50%);Rapid declines
Farlowella colombiensis;3. Energy production & mining -> 3.2. Mining & Population;Minority (50%);Rapid declines
Farlowella colombiensis;7. Natural system modifications -> 7.2. Dams & water;Majority (50-90%);Slow, significant
Farlowella colombiensis;9. Pollution -> 9.1. Domestic & urban waste water ->9.1.3. Type Unknown/Unrecorded;Minority (50%);Rapid declines
Farlowella colombiensis;9. Pollution -> 9.1. Domestic & urban waste water ->9.1.3. Type Unknown/Unrecorded;Minority (50%);Negligible declines
Farlowella colombiensis;9. Pollution -> 9.2. Industrial & military effluents ->;Minority (50%);Rapid declines
Farlowella colombiensis;9. Pollution -> 9.2. Industrial & military effluents ->;Minority (50%);Rapid declines
Farlowella colombiensis;9. Pollution -> 9.3. Agricultural & forestry effluents ->;Minority (50%);Slow, significant
Farlowella colombiensis;9. Pollution -> 9.3. Agricultural & forestry effluents ->;Majority (50-90%);Causing/could cause fluctuations
Tabebuia roseoalba;2. Agriculture & aquaculture -> 2.1. Annual & perennial non-timber crops;Unknown;Unknown
Tabebuia roseoalba;2. Agriculture & aquaculture -> 2.1. Annual & perennial non-timber crops;Unknown;Unknown
Tabebuia roseoalba;2. Agriculture & aquaculture -> 2.3. Livestock farming;Unknown;Unknown
Tabebuia roseoalba;5. Biological resource use -> 5.3. Logging & wood;Unknown;Unknown
Tabebuia roseoalba;5. Biological resource use -> 5.3. Logging & wood;Unknown;Unknown
Handroanthus chrysanthus;2. Agriculture & aquaculture -> 2.1. Annual & perennial non-timber crops;Unknown;Unknown
Handroanthus chrysanthus;2. Agriculture & aquaculture -> 2.3. Livestock farming;Unknown;Unknown
Handroanthus chrysanthus;5. Biological resource use -> 5.3. Logging & wood;Unknown;Unknown
Handroanthus chrysanthus;5. Biological resource use -> 5.3. Logging & wood;Unknown;Unknown
Chaetostoma formosae;1. Residential & commercial development -> 1.1.Housing & urban areas;Majority (50-90%);Slow, significant
Chaetostoma formosae;2. Agriculture & aquaculture -> 2.1. Annual & perennial non-timber crops;-;-
Chaetostoma formosae;7. Natural system modifications -> 7.2. Dams & water;Minority (50%);Slow, significant
Chaetostoma formosae;7. Natural system modifications -> 7.2. Dams & water;Majority (50-90%);Slow, significant
Chaetostoma formosae;9. Pollution -> 9.1. Domestic & urban waste water ->9.1.3. Type Unknown/Unrecorded;Minority (50%);Rapid declines
Chaetostoma formosae;9. Pollution -> 9.3. Agricultural & forestry effluents ->;-;-
Chaetostoma joropo;2. Agriculture & aquaculture -> 2.3. Livestock farming;Majority (50-90%);Causing/could cause fluctuations
Chaetostoma joropo;3. Energy production & mining -> 3.1. Oil & gas;-;-
Chaetostoma joropo;7. Natural system modifications -> 7.2. Dams & water;Minority (50%);Slow, significant
Touit stictopterus;1. Residential & commercial development -> 1.1. 1. Land/water protection -> 1.1. Site/area protection;Minority (50%);Slow, significant
Touit stictopterus;4. Transportation & service corridors -> 4.1. Roads & railroads;Minority (50%);Slow, significant
Rallus semiplumbeus;1. Residential & commercial development -> 1.1. Housing & Urban Areas;Minority (50%);Slow, significant
Rallus semiplumbeus;2. Agriculture & aquaculture -> 2.1. Annual & perennial non-timber crops;Minority (50%);Slow, significant
Rallus semiplumbeus;2. Agriculture & aquaculture -> 2.1. Annual & perennial non-timber crops;Minority (50%);Slow, significant
Rallus semiplumbeus;2. Agriculture & aquaculture -> 2.3. Livestock farming;Majority (50-90%);Slow, significant
Rallus semiplumbeus;2. Agriculture & aquaculture -> 2.3. Livestock farming;Minority (50%);Slow, significant
Rallus semiplumbeus;4. Transportation & service corridors -> 4.1. Roads & railroads;Minority (50%);Slow, significant
Rallus semiplumbeus;5. Biological resource use -> 5.1. Hunting & trapping;Minority (50%);Negligible declines
Rallus semiplumbeus;5. Biological resource use -> 5.2. Gathering terrestrial;Minority (50%);Slow, significant
Rallus semiplumbeus;7. Natural system modifications -> 7.2. Dams & water;Minority (50%);Rapid declines
Rallus semiplumbeus;7. Natural system modifications -> 7.2. Dams & water;Minority (50%);Rapid declines
Polystictus pectoralis;1. Residential & commercial development -> 1.2. Commercial & industrial areas;Minority (50%);Slow, significant
Polystictus pectoralis;1. Residential & commercial development -> 1.3. Tourism & recreation areas;Minority (50%);Slow, significant
Polystictus pectoralis;2. Agriculture & aquaculture -> 2.1. Annual & perennial non-timber crops;Majority (50-90%);Slow, significant
Polystictus pectoralis;2. Agriculture & aquaculture -> 2.2. Wood & pulp;Majority (50-90%);Slow, significant
Polystictus pectoralis;2. Agriculture & aquaculture -> 2.3. Livestock farming;Majority (50-90%);Slow, significant
Polystictus pectoralis;3. Energy production & mining -> 3.2. Mining & Population;Minority (50%);Slow, significant
Polystictus pectoralis;3. Energy production & mining -> 3.3. Renewable energy;Minority (50%);Slow, significant
Polystictus pectoralis;4. Transportation & service corridors -> 4.1. Roads & railroads;Minority (50%);Negligible declines
Cistothorus apolinari;1. Residential & commercial development -> 1.1.Housing & urban areas;Minority (50%);Slow, significant
Cistothorus apolinari;2. Agriculture & aquaculture -> 2.3. Livestock farming;Majority (50-90%);Slow, significant
Cistothorus apolinari;5. Biological resource use -> 5.2. Gathering terrestrial;Minority (50%);Negligible declines
Cistothorus apolinari;7. Natural system modifications -> 7.2. Dams & water;Majority (50-90%);Rapid declines
Cistothorus apolinari;9. Pollution -> 9.3. Agricultural & forestry effluents ->;Minority (50%);Slow, significant
Setophaga cerulea;1. Residential & commercial development -> 1.1.Housing & urban areas;Minority (50%);Negligible declines
Setophaga cerulea;2. Agriculture & aquaculture -> 2.1. Annual & perennial non-timber crops;Majority (50-90%);Slow, significant
Setophaga cerulea;2. Agriculture & aquaculture -> 2.3. Livestock farming;Majority (50-90%);Slow, significant
Setophaga cerulea;3. Energy production & mining -> 3.2. Mining & Population;Minority (50%);Negligible declines
Setophaga cerulea;5. Biological resource use -> 5.3. Logging & wood;Majority (50-90%);Slow, significant
Dolichancistrus fuesslii;1. Residential & commercial development -> 1.1. Housing & urban areas;Majority (50-90%);Causing/could cause fluctuations
Dolichancistrus fuesslii;1. Residential & commercial development -> 1.2. Commercial & industrial areas;Minority (50%);Causing/could cause fluctuations
Dolichancistrus fuesslii;2. Agriculture & aquaculture -> 2.1. Annual & perennial non-timber crops;Majority (50-90%);Slow, significant
Dolichancistrus fuesslii;2. Agriculture & aquaculture -> 2.3. Livestock farming;Majority (50-90%);Causing/could cause fluctuations
Dolichancistrus fuesslii;4. Transportation & service corridors -> 4.1. Roads & railroads;Minority (50%);Causing/could cause fluctuations
Dolichancistrus fuesslii;7. Natural system modifications -> 7.2. Dams & water;Majority (50-90%);Slow, significant
Dolichancistrus fuesslii;9. Pollution -> 9.3. Agricultural & forestry effluents ->;Majority (50-90%);Causing/could cause fluctuations
Handroanthus serratifolius;1. Residential & commercial development -> 1.1.Housing & urban areas;Unknown;Unknown
Handroanthus serratifolius;2. Agriculture & aquaculture -> 2.1. Annual & perennial non-timber crops;Unknown;Unknown
Handroanthus serratifolius;2. Agriculture & aquaculture -> 2.1. Annual & perennial non-timber crops;Unknown;Unknown
Handroanthus serratifolius;2. Agriculture & aquaculture -> 2.3. Livestock farming;Unknown;Unknown
Handroanthus serratifolius;5. Biological resource use -> 5.3. Logging & wood;Unknown;Unknown
Handroanthus serratifolius;5. Biological resource use -> 5.3. Logging & wood;Unknown;Unknown
Handroanthus serratifolius;7. Natural system modifications -> 7.1. Fire & fire;Unknown;Unknown
Corydoras axelrodi;2. Agriculture & aquaculture -> 2.1. Annual & perennial non-timber crops;Minority (50%);Causing/could cause fluctuations
Corydoras axelrodi;5. Biological resource use -> 5.4. Fishing & harvesting;Majority (50-90%);Rapid declines
Corydoras axelrodi;9. Pollution -> 9.3. Agricultural & forestry effluents ->;Majority (50-90%);Causing/could cause fluctuations
Corydoras axelrodi;9. Pollution -> 9.3. Agricultural & forestry effluents ->;Minority (50%);declines Slow, significant
Dilodendron elegans;2. Agriculture & aquaculture -> 2.1. Annual & perennial non-timber crops;Majority (50-90%);Causing/could cause fluctuations
Dilodendron elegans;5. Biological resource use -> 5.3. Logging & wood;Majority (50-90%);Causing/could cause fluctuations
Uribea tamarindoides;2. Agriculture & aquaculture -> 2.1. Annual & perennial non-timber crops;Majority (50-90%);Causing/could cause fluctuations
Bromelia trianae;1. Residential & commercial development -> 1.1.Housing & urban areas;-;-
Bromelia trianae;2. Agriculture & aquaculture -> 2.1. Annual & perennial non-timber crops;-;-
Bromelia trianae;2. Agriculture & aquaculture -> 2.3. Livestock farming;-;-
Bromelia trianae;3. Energy production & mining -> 3.1. Oil & gas;-;-
Knodus meridae;2. Agriculture & aquaculture -> 2.1. Annual & perennial non-timber crops;Majority (50-90%);Slow, significant
Knodus meridae;2. Agriculture & aquaculture -> 2.1. Annual & perennial non-timber crops;Majority (50-90%);Slow, significant
Knodus meridae;2. Agriculture & aquaculture -> 2.3. Livestock farming;Majority (50-90%);Slow, significant
Knodus meridae;2. Agriculture & aquaculture -> 2.3. Livestock farming;Majority (50-90%);Slow, significant
Knodus meridae;3. Energy production & mining -> 3.1. Oil & gas;Minority (50%);Very rapid
Knodus meridae;3. Energy production & mining -> 3.2. Mining & Population;Minority (50%);Very rapid
Knodus meridae;7. Natural system modifications -> 7.1. Fire & fire;Majority (50-90%);Slow, significant
Knodus meridae;7. Natural system modifications -> 7.2. Dams & water;Minority (50%);Very rapid
Knodus meridae;7. Natural system modifications -> 7.2. Dams & water;Majority (50-90%);Rapid declines
Knodus meridae;7. Natural system modifications -> 7.2. Dams & water;Minority (50%);Very rapid
Knodus meridae;7. Natural system modifications -> 7.2. Dams & water;Minority (50%);Very rapid
Knodus meridae;9. Pollution -> 9.1. Domestic & urban waste water ->9.1.3. Type Unknown/Unrecorded;Minority (50%);Very rapid
Knodus meridae;9. Pollution -> 9.2. Industrial & military effluents ->;Minority (50%);Very rapid
Knodus meridae;9. Pollution -> 9.3. Agricultural & forestry effluents ->;Majority (50-90%);Slow, significant
Knodus meridae;9. Pollution -> 9.3. Agricultural & forestry effluents ->;-;-
Apistogramma macmasteri;2. Agriculture & aquaculture -> 2.1. Annual & perennial non-timber crops;Whole (>90%);Unknown
Apistogramma macmasteri;2. Agriculture & aquaculture -> 2.2. Wood & pulp;Minority (50%);Unknown
Apistogramma macmasteri;2. Agriculture & aquaculture -> 2.3. Livestock farming;Whole (>90%);Unknown
Apistogramma macmasteri;5. Biological resource use -> 5.4. Fishing & harvesting;Minority (50%);Unknown
Apistogramma macmasteri;9. Pollution -> 9.3. Agricultural & forestry effluents ->;Unknown;Unknown
Cattleya schroederae;1. Residential & commercial development -> 1.1.Housing & urban areas;-;-
Cattleya schroederae;2. Agriculture & aquaculture -> 2.1. Annual & perennial non-timber crops;-;-
Cattleya schroederae;2. Agriculture & aquaculture -> 2.3. Livestock farming;-;-
Cattleya schroederae;5. Biological resource use -> 5.2. Gathering terrestrial;-;-
Zamia melanorrhachis;2. Agriculture & aquaculture -> 2.1. Annual & perennial non-timber crops;Majority (50-90%);Slow, significant
Zamia melanorrhachis;2. Agriculture & aquaculture -> 2.1. Annual & perennial non-timber crops;Minority (50%);Rapid declines
Zamia melanorrhachis;2. Agriculture & aquaculture -> 2.3. Livestock farming;Minority (50%);Rapid declines
Zamia melanorrhachis;5. Biological resource use -> 5.3. Logging & wood;Majority (50-90%);Slow, significant
Lontra longicaudis;1. Residential & commercial development -> 1.2. Commercial & industrial areas;Majority (50-90%);Very rapid
Lontra longicaudis;2. Agriculture & aquaculture -> 2.1. Annual & perennial non-timber crops;Majority (50-90%);Rapid declines Rapid declines
Lontra longicaudis;2. Agriculture & aquaculture -> 2.3. Livestock farming;Majority (50-90%);Rapid declines
Lontra longicaudis;3. Energy production & mining -> 3.2. Mining & Population;Minority (50%);Causing/could cause fluctuations
Lontra longicaudis;5. Biological resource use -> 5.1. Hunting & trapping;Majority (50-90%);Rapid declines
Lontra longicaudis;5. Biological resource use -> 5.1. Hunting & trapping;Majority (50-90%);Rapid declines
Lontra longicaudis;5. Biological resource use -> 5.4. Fishing & harvesting;Majority (50-90%);Rapid declines
Lontra longicaudis;7. Natural system modifications -> 7.2. Dams & water;Majority (50-90%);Rapid declines
Lontra longicaudis;9. Pollution -> 9.1. Domestic & urban waste water ->9.1.3. Type Unknown/Unrecorded;Majority (50-90%);Causing/could cause fluctuations
Lontra longicaudis;9. Pollution -> 9.2. Industrial & military effluents ->;Majority (50-90%);Slow, significant
Lontra longicaudis;9. Pollution -> 9.3. Agricultural & forestry effluents ->;Majority (50-90%);Slow, significant
Spizaetus ornatus;2. Agriculture & aquaculture -> 2.1. Annual & perennial non-timber crops;Majority (50-90%);Slow, significant
Spizaetus ornatus;5. Biological resource use -> 5.1. Hunting & trapping;Minority (<50%);Slow, significant
Spizaetus ornatus;5. Biological resource use -> 5.1. Hunting & trapping;Minority (<50%);Slow, significant
Pristimantis savagei;2. Agriculture & aquaculture -> 2.1. Annual & perennial non-timber crops;-;-
Myrcianthes alaternifolia;2. Agriculture & aquaculture -> 2.1. Annual & perennial non-timber crops;-;-
Agamia agami;2. Agriculture & aquaculture -> 2.1. Annual & perennial non-timber crops;Minority (<50%);Slow, significant
Agamia agami;2. Agriculture & aquaculture -> 2.1. Annual & perennial non-timber crops;Minority (<50%);Slow, significant
Agamia agami;2. Agriculture & aquaculture -> 2.3. Livestock farming;Minority (<50%);Slow, significant
Agamia agami;2. Agriculture & aquaculture -> 2.3. Livestock farming;Minority (<50%);Slow, significant
Agamia agami;4. Transportation & service corridors -> 4.3. Shipping lanes;Minority (<50%);Negligible
Agamia agami;5. Biological resource use -> 5.3. Logging & wood harvesting;Minority (<50%);Slow, significant
Agamia agami;9. Pollution -> 9.3. Agricultural & forestry effluents ->;Minority (<50%);Slow, significant
Agamia agami;11. Climate change & severe weather -> 11.4. Storms &;Minority (<50%); Unknown
Polylepis quadrijuga;2. Agriculture & aquaculture -> 2.1. Annual & perennial non-timber crops;Whole (>90%);Rapid declines
Polylepis quadrijuga;11. Climate change & severe weather -> 11.1. Habitat shifting & alteration;Majority (50-90%);Very rapid
Solanum cyclophyllum;2. Agriculture & aquaculture -> 2.1. Annual & perennial non-timber crops;Majority (50-90%);Rapid declines
Solanum cyclophyllum;5. Biological resource use -> 5.3. Logging & wood harvesting;Majority (50-90%);Slow, significant
Pentagonia magnifica;1. Residential & commercial development -> 1.1.Housing & urban areas;Majority (50-90%);Very rapid
Pentagonia magnifica;3. Energy production & mining -> 3.2. Mining & Population;Majority (50-90%);Very rapid
Rauvolfia steyermarkii;1. Residential & commercial development -> 1.1.Housing & urban areas;-;-
Rauvolfia steyermarkii;11. Climate change & severe weather -> 11.1. Habitat shifting & alteration;-;-
Miconia amblyandra;2. Agriculture & aquaculture -> 2.1. Annual & perennial non-timber crops;-;-
Miconia amblyandra;2. Agriculture & aquaculture -> 2.3. Livestock farming;-;-
Miconia amblyandra;5. Biological resource use -> 5.3. Logging & wood harvesting;-;-
Xylosma spiculifera;1. Residential & commercial development -> 1.1.Housing & urban areas;-;-
Xylosma spiculifera;2. Agriculture & aquaculture -> 2.1. Annual & perennial non-timber crops;-;-
Xylosma spiculifera;2. Agriculture & aquaculture -> 2.1. Annual & perennial non-timber crops;-;- -
Xylosma spiculifera;2. Agriculture & aquaculture -> 2.3. Livestock farming;-;-
Xylosma spiculifera;4. Transportation & service corridors -> 4.1. Roads & railroads;-;-
Xylosma spiculifera;7. Natural system modifications -> 7.1. Fire & fire;-;- -
Cybianthus lawrencei;2. Agriculture & aquaculture -> 2.1. Annual & perennial non-timber crops;Minority (<50%);Very rapid
Cybianthus lawrencei;2. Agriculture & aquaculture -> 2.3. Livestock farming;Whole (>90%);Very rapid
Ayenia stipularis;2. Agriculture & aquaculture -> 2.1. Annual & perennial non-timber crops;Whole (>90%);Very rapid
Ayenia stipularis;2. Agriculture & aquaculture -> 2.3. Livestock farming;Whole (>90%);Very rapid
Ayenia stipularis;7. Natural system modifications -> 7.2. Dams & water;Minority (<50%);Very rapid
Ayenia stipularis;4. Transportation & service corridors -> 4.1. Roads & railroads;Whole (>90%);Very rapid
Gallinago nobilis;5. Biological resource use -> 5.1. Hunting & trapping;Majority (50-90%);Slow, significant
Gallinago nobilis;7. Natural system modifications -> 7.1. Fire & fire;Minority (<50%);Slow, significant
Tringa melanoleuca;2. Agriculture & aquaculture -> 2.1. Annual & perennial non-timber crops;Minority (<50%);Unknown 
Tringa melanoleuca;5. Biological resource use -> 5.1. Hunting & trapping;Minority (<50%); Unknown
Tringa flavipes;2. Agriculture & aquaculture -> 2.1. Annual & perennial non-timber crops;Minority (<50%);Slow, significant
Tringa flavipes;5. Biological resource use -> 5.3. Logging & wood harvesting;Minority (<50%);Negligible
Tringa flavipes;8. Invasive and other problematic species, genes & diseases;Minority (<50%); Unknown
Calidris minutilla;1. Residential & commercial development -> 1.1.Housing & urban areas;Minority (<50%); Unknown
Calidris minutilla;1. Residential & commercial development -> 1.2. Commercial & industrial areas;Minority (<50%);Unknown 
Calidris minutilla;5. Biological resource use -> 5.1. Hunting & trapping;Minority (<50%); Unknown
Calidris minutilla;7. Natural system modifications -> 7.2. Dams & water;Minority (<50%); Unknown
Calidris minutilla;7. Natural system modifications -> 7.2. Dams & water;Minority (<50%); Unknown
Calidris minutilla;7. Natural system modifications -> 7.2. Dams & water;Minority (<50%); Unknown
Calidris minutilla;6. Human intrusions & disturbance -> 6.1. Recreational;Minority (<50%); Unknown
Calidris minutilla;2. Agriculture & aquaculture -> 2.1. Annual & perennial non-timber crops;Minority (<50%);Unknown 
Calidris minutilla;2. Agriculture & aquaculture -> 2.3. Livestock farming;Minority (<50%);Protect and preserve
Calidris minutilla;11. Climate change & severe weather -> 11.1. Habitat shifting & alteration;Whole (>90%);Unknown
Sommera purdiei;2. Agriculture & aquaculture -> 2.1. Annual & perennial non-timber crops;Majority (50-90%);Very rapid
Sommera purdiei;2. Agriculture & aquaculture -> 2.3. Livestock farming;Minority (<50%);Very rapid
Sommera purdiei;4. Transportation & service corridors -> 4.1. Roads & railroads;Minority (<50%);Very rapid
Lentinus concavus;1. Residential & commercial development -> 1.1.Housing & urban areas;-;-
Lentinus concavus;1. Residential & commercial development -> 1.2. Commercial & industrial areas;-;-
Lentinus concavus;3. Energy production & mining -> 3.2. Mining & Population;-;-
Lentinus concavus;5. Biological resource use -> 5.3. Logging & wood harvesting;-;-
Lentinus concavus;11. Climate change & severe weather -> 11.1. Habitat shifting & alteration;-;-
Miconia velutina;1. Residential & commercial development -> 1.1.Housing & urban areas;-;-
Miconia velutina;2. Agriculture & aquaculture -> 2.1. Annual & perennial non-timber crops;-;-
Miconia velutina;3. Energy production & mining -> 3.2. Mining & Population;-;-
Miconia velutina;4. Transportation & service corridors -> 4.1. Roads & railroads;-;- -
Miconia velutina;5. Biological resource use -> 5.3. Logging & wood harvesting;-;-
Miconia velutina;6. Human intrusions & disturbance -> 6.1. Recreational;-;-
Myrmecophaga tridactyla;1. Residential & commercial development -> 1.1.Housing & urban areas;Minority (<50%);Negligible
Myrmecophaga tridactyla;2. Agriculture & aquaculture -> 2.1. Annual & perennial non-timber crops;Majority (50-90%);Rapid declines
Myrmecophaga tridactyla;5. Biological resource use -> 5.1. Hunting & trapping;Minority (<50%);Negligible
Myrmecophaga tridactyla;7. Natural system modifications -> 7.1. Fire & fire;Minority (<50%);Rapid declines
Myrmecophaga tridactyla;5. Biological resource use -> 5.1. Hunting & trapping;Minority (<50%);Negligible
Myrmecophaga tridactyla;4. Transportation & service corridors -> 4.1. Roads & railroads;Minority (<50%);Slow, significant
Myrmecophaga tridactyla;8. Invasive and other problematic species, genes & diseases management Programme, the IUCN Species Survival Commission (SSC) and;Minority (<50%);The IUCN Red List Unknown Partnership.
Neochen jubata;2. Agriculture & aquaculture -> 2.1. Annual & perennial non-timber crops;Majority (50-90%);Slow, significant
Neochen jubata;2. Agriculture & aquaculture -> 2.1. Annual & perennial non-timber crops;Minority (<50%);Slow, significant
Neochen jubata;5. Biological resource use -> 5.1. Hunting & trapping;Majority (50-90%);Slow, significant
Neochen jubata;7. Natural system modifications -> 7.2. Dams & water;Minority (<50%); Unknown
Contopus cooperi;2. Agriculture & aquaculture -> 2.1. Annual & perennial non-timber crops;Minority (<50%);Negligible
Contopus cooperi;2. Agriculture & aquaculture -> 2.1. Annual & perennial non-timber crops;Minority (<50%);Negligible
Contopus cooperi;5. Biological resource use -> 5.3. Logging & wood harvesting;Majority (50-90%);Unknown
Ceroxylon quindiuense;2. Agriculture & aquaculture -> 2.1. Annual & perennial non-timber crops;Majority (50-90%);Slow, significant
Ceroxylon quindiuense;2. Agriculture & aquaculture -> 2.3. Livestock farming;Majority (50-90%);Very rapid
Ceroxylon quindiuense;5. Biological resource use -> 5.2. Gathering terrestrial;Majority (50-90%);Very rapid
Ceroxylon quindiuense;5. Biological resource use -> 5.3. Logging & wood harvesting;Majority (50-90%);Very rapid
Ceroxylon quindiuense;8. Invasive and other problematic species, genes & diseases;-;-
Tayassu pecari;2. Agriculture & aquaculture -> 2.1. Annual & perennial non-timber crops;Whole (>90%);Rapid declines
Tayassu pecari;2. Agriculture & aquaculture -> 2.1. Annual & perennial non-timber crops;Whole (>90%);Rapid declines
Tayassu pecari;2. Agriculture & aquaculture -> 2.3. Livestock farming;Whole (>90%);Rapid declines
Tayassu pecari;5. Biological resource use -> 5.1. Hunting & trapping;Whole (>90%);Rapid declines
Tayassu pecari;5. Biological resource use -> 5.3. Logging & wood harvesting;Whole (>90%);Rapid declines
Tayassu pecari;7. Natural system modifications -> 7.1. Fire & fire;Whole (>90%);Rapid declines
Tayassu pecari;8. Invasive and other problematic species, genes & diseases;Unknown;Slow, significant
Tayassu pecari;11. Climate change & severe weather -> 11.2. Droughts;Whole (>90%);Rapid declines
